"RNAAge","ChronAge","sample_id"
57.7366453515812,29,"21_T5"
54.4015048181022,42,"36_T5"
50.0208333595853,38,"41_T5"
60.0083267494657,53,"4_T5"
55.4199114859832,40,"22_T5"
53.9588497212977,55,"39_T5"
60.3252263799833,56,"49_T5"
59.0629461307089,25,"12_T5"
54.4350895958183,51,"44_T5"
