"RNAAge","ChronAge","sample_id"
58.8188220666753,38,"41_T4"
56.829712895711,40,"22_T4"
51.4366960668647,51,"44_T4"
43.8893139896302,29,"21_T4"
59.7161496042671,44,"8_T4"
42.5392590263413,25,"12_T4"
61.7679894399554,55,"39_T4"
