"RNAAge","ChronAge","sample_id"
58.5676258739244,29,"21_T5"
52.111377580524,42,"36_T5"
47.2748397452898,38,"41_T5"
59.858590656072,53,"4_T5"
53.5879022151058,40,"22_T5"
50.4373267571499,55,"39_T5"
59.065391211905,56,"49_T5"
60.1397213999609,25,"12_T5"
54.7166650414059,51,"44_T5"
