"RNAAge","ChronAge","sample_id"
50.2716484467506,42,"36_T6"
47.7583380712204,29,"21_T6"
55.4021689909522,51,"44_T6"
