"RNAAge","ChronAge","sample_id"
59.5371982260646,38,"41_T4"
56.4687438477611,40,"22_T4"
52.8361874390041,51,"44_T4"
50.1847772026733,29,"21_T4"
58.4775194835263,44,"8_T4"
47.9666875504593,25,"12_T4"
60.7229627726497,55,"39_T4"
