"RNAAge","ChronAge","sample_id"
52.9187848274069,42,"36_T6"
52.4045998742436,29,"21_T6"
56.5696724168122,51,"44_T6"
